﻿<?xml version="1.0" encoding="utf-8" ?>
<items>
  <item>
    <type>Product Backlog Item</type>
    <title>Enable network alert heartbeat</title>
    <description>As a visitor to the home page, I want to see the network is operating normally every hour, so that I know the system is operational.</description>
    <acceptancecriteria>
      <![CDATA[
<ol style="padding-left: 20px; margin-top: 0px;">
<li>Message should be added at the top of the hour</li>
<li>Message should be in 24hr format</li>
<li>Only the last heartbeat message should be displayed</li>
<li>A second, non heartbeat message can still be displayed abover or below this one</li>
</ul>
 ]]>
    </acceptancecriteria>
    <area>\Dashboard\Alerts</area>
    <assignedto>Paula (Product Owner)</assignedto>
    <businessvalue>10</businessvalue>
    <effort></effort>
    <state>approved</state>
  </item>
  <item>
    <type>Product Backlog Item</type>
    <title>Quick Tips</title>
    <description>As a visitor to the home page, I want to be able to click on and see quick tips, so that I can use the software more efficiently.</description>
    <acceptancecriteria>
      <![CDATA[
<ol style="padding-left: 20px; margin-top: 0px;">
<li>Create relevant documentation and enable the link for "Find a cellphone or mobile device"</li>
<li>Create relevant documentation and enable the link for "Be productive with IT tools"</li>
<li>Create relevant documentation and enable the link for "Configure your network connection"</li>
<li>New pages/documents should maintain a similar look and feel as the rest of the site.</li>
<li>New pages/documents should provide a way to close and return to the Dashboard page.</li>
</ul>
 ]]>
    </acceptancecriteria>
    <area>\Dashboard\Messages</area>
    <assignedto>Paula (Product Owner)</assignedto>
    <businessvalue>20</businessvalue>
    <effort></effort>
    <state>approved</state>
  </item>
  <item>
    <type>Product Backlog Item</type>
    <title>My Profile</title>
    <description>As a Fabrikam Fiber user I want to click on my photo or the link and see my profile information together so that I can see if it's accurate.</description>
    <acceptancecriteria>
      <![CDATA[
<ol style="padding-left: 20px; margin-top: 0px;">
<li>Page should be read-only</li>
<li>Profile page should look/feel like the rest of the site</li>
<li>Include an email link (support@fabrikamfiber.com) at the bottom of that page if there are any errors or questions</li>
</ul>
 ]]>
    </acceptancecriteria>
    <area>\Profile</area>
    <assignedto>Paula (Product Owner)</assignedto>
    <businessvalue>10</businessvalue>
    <effort></effort>
    <state>approved</state>
  </item>
  <item>
    <type>Product Backlog Item</type>
    <title>Show Ticket Count</title>
    <description>As a user viewing my list of tickets, I want to see the total number of tickets, so that I don't have to count them myself.</description>
    <acceptancecriteria>
      <![CDATA[
<ol style="padding-left: 20px; margin-top: 0px;">
<li>Number should appear in parantheses next to the Service Tickets label</li>
<li>If no tickets, show "(0)"</li>
<li>Use similar font and style as the label</li>
</ul>
 ]]>
    </acceptancecriteria>
    <area>\Tickets</area>
    <assignedto>Paula (Product Owner)</assignedto>
    <businessvalue>10</businessvalue>
    <effort></effort>
    <state>approved</state>
  </item>
  <item>
    <type>Product Backlog Item</type>
    <title>Show Employee Count</title>
    <description>As a user viewing the list of employees, I want to see the total number of employees, so that I don't have to count them myself.</description>
    <acceptancecriteria>
      <![CDATA[
<ol style="padding-left: 20px; margin-top: 0px;">
<li>Number should appear in parantheses next to the Employees label</li>
<li>If no employees, show "(0)"</li>
<li>Use similar font and style as the label</li>
</ul>
 ]]>
    </acceptancecriteria>
    <area>\employees</area>
    <assignedto>Paula (Product Owner)</assignedto>
    <businessvalue>10</businessvalue>
    <effort></effort>
    <state>approved</state>
  </item>
  <item>
    <type>Product Backlog Item</type>
    <title>Show Customers Count</title>
    <description>As a user viewing the list of customers, I want to see the total number of customers, so that I don't have to count them myself.</description>
    <acceptancecriteria>
      <![CDATA[
<ol style="padding-left: 20px; margin-top: 0px;">
<li>Number should appear in paranthesis next to the Customers Tickets label</li>
<li>If no tickets, show (0)</li>
<li>Use similar font and style as the label</li>
</ul>
 ]]>
    </acceptancecriteria>
    <area>\Customers</area>
    <assignedto>Paula (Product Owner)</assignedto>
    <businessvalue>10</businessvalue>
    <effort></effort>
    <state>approved</state>
  </item>
  <item>
    <type>Product Backlog Item</type>
    <title>Improve Customer Edit, Details, and Delete links</title>
    <description>As a visitor to the Customers page, I only want one link to click, so that it's easier to use.</description>
    <acceptancecriteria>
      <![CDATA[
<ol style="padding-left: 20px; margin-top: 0px;">
<li>Customer name (first, last, or both) should be clickable</li>
<li>Clicking the customer should take the user to the details page</li>
<li>The details page should have Edit and Delete links/functionality</li>
</ul>
 ]]>
    </acceptancecriteria>
    <area>\Customers</area>
    <assignedto>Paula (Product Owner)</assignedto>
    <businessvalue>15</businessvalue>
    <effort></effort>
    <state>approved</state>
  </item>
  <item>
    <type>Product Backlog Item</type>
    <title>Improve Employee Edit, Details, and Delete links</title>
    <description>As a visitor to the Employees page, I only want one link to click, so that it's easier to use.</description>
    <acceptancecriteria>
      <![CDATA[
<ol style="padding-left: 20px; margin-top: 0px;">
<li>Employee name (first, last, or both) should be clickable</li>
<li>Clicking the employee should take the user to the details page</li>
<li>The details page should have Edit and Delete links/functionality</li>
</ul>
 ]]>
    </acceptancecriteria>
    <area>\Employees</area>
    <assignedto>Paula (Product Owner)</assignedto>
    <businessvalue>15</businessvalue>
    <effort></effort>
    <state>approved</state>
  </item>
  <item>
    <type>Product Backlog Item</type>
    <title>Employee phone numbers</title>
    <description>As a Fabrikam user, I need the ability to specify an employee's phone number during add and edit, so that other users can view it later.</description>
    <acceptancecriteria>
      <![CDATA[
<ol style="padding-left: 20px; margin-top: 0px;">
<li>Add the phone number field to the add/edit screen</li>
</ul>
 ]]>
    </acceptancecriteria>
    <area>\Employees</area>
    <assignedto>Paula (Product Owner)</assignedto>
    <businessvalue>20</businessvalue>
    <effort></effort>
    <state>approved</state>
  </item>
  <item>
    <type>Product Backlog Item</type>
    <title>Employee email addresses</title>
    <description>As a Fabrikam user, I need the ability to specify an employee's email address during add and edit, so that other users can view it later.</description>
    <acceptancecriteria>
      <![CDATA[
<ol style="padding-left: 20px; margin-top: 0px;">
<li>Add email address field to the add/edit screen</li>
<li>Display email address in the Employee listing (instead of phone if necessary)</li>
<li>All displayed email addresses should be clickable with the mailto protocol</li>
</ul>
 ]]>
    </acceptancecriteria>
    <area>\Employees</area>
    <assignedto>Paula (Product Owner)</assignedto>
    <businessvalue>25</businessvalue>
    <effort></effort>
    <state>approved</state>
  </item>
  <item>
    <type>Product Backlog Item</type>
    <title>Customer phone numbers</title>
    <description>As a Fabrikam user, I need the ability to specify an customer's phone number during add and edit, so that other users can view it later.</description>
    <acceptancecriteria>
      <![CDATA[
<ol style="padding-left: 20px; margin-top: 0px;">
<li>Add the phone number field to the add/edit screen</li>
</ul>
 ]]>
    </acceptancecriteria>
    <area>\Customers</area>
    <assignedto>Paula (Product Owner)</assignedto>
    <businessvalue>20</businessvalue>
    <effort></effort>
    <state>approved</state>
  </item>
  <item>
    <type>Product Backlog Item</type>
    <title>Customer email addresses</title>
    <description>As a Fabrikam user, I need the ability to specify an customer's email address during add and edit, so that other users can view it later.</description>
    <acceptancecriteria>
      <![CDATA[
<ol style="padding-left: 20px; margin-top: 0px;">
<li>Add email address field to the add/edit screen</li>
<li>Display email address in the Customer listing (instead of phone if necessary)</li>
<li>All displayed email addresses should be clickable with the mailto protocol</li>
</ul>
 ]]>
    </acceptancecriteria>
    <area>\Customers</area>
    <assignedto>Paula (Product Owner)</assignedto>
    <businessvalue>25</businessvalue>
    <effort></effort>
    <state>approved</state>
  </item>
  <item>
    <type>Product Backlog Item</type>
    <title>Filter service tickets</title>
    <description>As a Fabrikam user, I want to be able to filter service tickets by status and escalation, so that I just see what I want to.</description>
    <acceptancecriteria>
      <![CDATA[
<ol style="padding-left: 20px; margin-top: 0px;">
<li>Ability to filter on Open, Assigned, Closed, or All</li>
<li>Filter control should look/feel like the rest of the page</li>
</ul>
 ]]>
    </acceptancecriteria>
    <area>\Tickets</area>
    <assignedto>Paula (Product Owner)</assignedto>
    <businessvalue>15</businessvalue>
    <effort></effort>
    <state>approved</state>
  </item>
  <item>
    <type>Bug</type>
    <title>Bug: My tickets</title>
    <description>As a Fabrikam technician, I want to see My Tickets from the Dashboard, so that I can quickly see my work.</description>
    <reprosteps>
      <![CDATA[
<ol style="padding-left: 20px; margin-top: 0px;">
<li>From the main dashboard, click My tickets</li>
<li>The list of tickets does *not* filter to just show the current technician's tickets</li>
</ul>
 ]]>
    </reprosteps>
    <acceptancecriteria>
      <![CDATA[
<ol style="padding-left: 20px; margin-top: 0px;">
<li>It Should</li>
</ul>
 ]]>
    </acceptancecriteria>
    <area>\Tickets</area>
    <assignedto>Paula (Product Owner)</assignedto>
    <businessvalue>15</businessvalue>
    <effort></effort>
    <state>approved</state>
  </item>
  <item>
    <type>Bug</type>
    <title>Bug: Profile doesn't update</title>
    <reprosteps>
      <![CDATA[
<ol style="padding-left: 20px; margin-top: 0px;">
<li>Look at the user's profile name (i.e. Drew Robbins)</li>
<li>Click Employees link</li>
<li>Edit the employee</li>
<li>Change the first, last, or both names</li>
<li>Save changes</li>
<li>Profile name did *not* change</li>
</ul>
 ]]>
    </reprosteps>
    <acceptancecriteria>
      <![CDATA[
<ol style="padding-left: 20px; margin-top: 0px;">
<li>It should.</li>
</ul>
 ]]>
    </acceptancecriteria>
    <area>\Profile</area>
    <assignedto>Paula (Product Owner)</assignedto>
    <businessvalue>15</businessvalue>
    <effort></effort>
    <state>approved</state>
  </item>
  <item>
    <type>Bug</type>
    <title>Bug: Copyright in footer is out of date</title>
    <reprosteps>
      <![CDATA[
<ol style="padding-left: 20px; margin-top: 0px;">
<li>Look at the copyright in the page footer</li>
<li>It shows 2012</li>
</ul>
 ]]>
    </reprosteps>
    <acceptancecriteria>
      <![CDATA[
<ol style="padding-left: 20px; margin-top: 0px;">
<li>It should show 2013</li>
</ol>
 ]]>
    </acceptancecriteria>
    <area>\</area>
    <assignedto>Paula (Product Owner)</assignedto>
    <businessvalue>3</businessvalue>
    <effort></effort>
    <state>approved</state>
  </item>
</items>
